-- =============================================
-- DATOS REALES: RedSocial_Datos_50_Reales_Final.xlsx
-- 50 usuarios, 50 publicaciones, 50 comentarios, 50 amistades
-- FK invalidas del Excel corregidas via modulo al rango valido.
-- =============================================

INSERT INTO usuarios (id_usuario, nombre, email, fecha_registro, pais) VALUES
    (1, 'Ana Silva', 'ana.silva0@ejemplo.com', '2025-01-01', 'Chile'),
    (2, 'Luis Ramos', 'luis.ramos1@ejemplo.com', '2025-01-02', 'Colombia'),
    (3, 'Carlos Ruiz', 'carlos.ruiz2@ejemplo.com', '2025-01-03', 'Chile'),
    (4, 'Maria Gomez', 'maria.gomez3@ejemplo.com', '2025-01-04', 'Mexico'),
    (5, 'Jorge Perez', 'jorge.perez4@ejemplo.com', '2025-01-05', 'Peru'),
    (6, 'Lucia Fernandez', 'lucia.fernandez5@ejemplo.com', '2025-01-06', 'Colombia'),
    (7, 'Juan Rodriguez', 'juan.rodriguez6@ejemplo.com', '2025-01-07', 'Peru'),
    (8, 'Sofia Lopez', 'sofia.lopez7@ejemplo.com', '2025-01-08', 'Mexico'),
    (9, 'Diego Martinez', 'diego.martinez8@ejemplo.com', '2025-01-09', 'Mexico'),
    (10, 'Valentina Hernandez', 'valentina.hernandez9@ejemplo.com', '2025-01-10', 'Argentina'),
    (11, 'Andres Garcia', 'andres.garcia10@ejemplo.com', '2025-01-11', 'Argentina'),
    (12, 'Camila Diaz', 'camila.diaz11@ejemplo.com', '2025-01-12', 'Mexico'),
    (13, 'Mateo Torres', 'mateo.torres12@ejemplo.com', '2025-01-13', 'Chile'),
    (14, 'Mariana Ramirez', 'mariana.ramirez13@ejemplo.com', '2025-01-14', 'Argentina'),
    (15, 'Sebastian Flores', 'sebastian.flores14@ejemplo.com', '2025-01-15', 'Argentina'),
    (16, 'Isabella Gonzales', 'isabella.gonzales15@ejemplo.com', '2025-01-16', 'Mexico'),
    (17, 'Nicolas Castro', 'nicolas.castro16@ejemplo.com', '2025-01-17', 'Argentina'),
    (18, 'Valeria Rivera', 'valeria.rivera17@ejemplo.com', '2025-01-18', 'Colombia'),
    (19, 'Santiago Morales', 'santiago.morales18@ejemplo.com', '2025-01-19', 'Chile'),
    (20, 'Gabriela Ortega', 'gabriela.ortega19@ejemplo.com', '2025-01-20', 'Argentina'),
    (21, 'Daniel Vargas', 'daniel.vargas20@ejemplo.com', '2025-01-21', 'Chile'),
    (22, 'Sara Reyes', 'sara.reyes21@ejemplo.com', '2025-01-22', 'Argentina'),
    (23, 'Alejandro Jimenez', 'alejandro.jimenez22@ejemplo.com', '2025-01-23', 'Mexico'),
    (24, 'Paula Mendoza', 'paula.mendoza23@ejemplo.com', '2025-01-24', 'Peru'),
    (25, 'Fernando Castillo', 'fernando.castillo24@ejemplo.com', '2025-01-25', 'Chile'),
    (26, 'Elena Moreno', 'elena.moreno25@ejemplo.com', '2025-01-26', 'Chile'),
    (27, 'Javier Romero', 'javier.romero26@ejemplo.com', '2025-01-27', 'Argentina'),
    (28, 'Luciana Navarro', 'luciana.navarro27@ejemplo.com', '2025-01-28', 'Argentina'),
    (29, 'Ricardo Ruiz', 'ricardo.ruiz28@ejemplo.com', '2025-01-29', 'Colombia'),
    (30, 'Catalina Cordoba', 'catalina.cordoba29@ejemplo.com', '2025-01-30', 'Chile'),
    (31, 'Miguel Aguilar', 'miguel.aguilar30@ejemplo.com', '2025-01-31', 'Mexico'),
    (32, 'Natalia Soto', 'natalia.soto31@ejemplo.com', '2025-02-01', 'Argentina'),
    (33, 'Pedro Cabrera', 'pedro.cabrera32@ejemplo.com', '2025-02-02', 'Mexico'),
    (34, 'Adriana Molina', 'adriana.molina33@ejemplo.com', '2025-02-03', 'Argentina'),
    (35, 'Oscar Rojas', 'oscar.rojas34@ejemplo.com', '2025-02-04', 'Mexico'),
    (36, 'Daniela Salazar', 'daniela.salazar35@ejemplo.com', '2025-02-05', 'Argentina'),
    (37, 'Hugo Sandoval', 'hugo.sandoval36@ejemplo.com', '2025-02-06', 'Chile'),
    (38, 'Claudia Herrera', 'claudia.herrera37@ejemplo.com', '2025-02-07', 'Peru'),
    (39, 'Manuel Medina', 'manuel.medina38@ejemplo.com', '2025-02-08', 'Peru'),
    (40, 'Diana Guzman', 'diana.guzman39@ejemplo.com', '2025-02-09', 'Mexico'),
    (41, 'Esteban Vargas', 'esteban.vargas40@ejemplo.com', '2025-02-10', 'Colombia'),
    (42, 'Paola Cano', 'paola.cano41@ejemplo.com', '2025-02-11', 'Colombia'),
    (43, 'Gabriel Montoya', 'gabriel.montoya42@ejemplo.com', '2025-02-12', 'Colombia'),
    (44, 'Laura Valencia', 'laura.valencia43@ejemplo.com', '2025-02-13', 'Argentina'),
    (45, 'Cesar Rendon', 'cesar.rendon44@ejemplo.com', '2025-02-14', 'Colombia'),
    (46, 'Monica Gallego', 'monica.gallego45@ejemplo.com', '2025-02-15', 'Mexico'),
    (47, 'Julian Bedoya', 'julian.bedoya46@ejemplo.com', '2025-02-16', 'Chile'),
    (48, 'Andrea Henao', 'andrea.henao47@ejemplo.com', '2025-02-17', 'Chile'),
    (49, 'Roberto Osorio', 'roberto.osorio48@ejemplo.com', '2025-02-18', 'Mexico'),
    (50, 'Tatiana Restrepo', 'tatiana.restrepo49@ejemplo.com', '2025-02-19', 'Peru');

SELECT setval('usuarios_id_usuario_seq', (SELECT MAX(id_usuario) FROM usuarios));

INSERT INTO publicaciones (id_publicacion, texto_contenido, fecha_publicacion, likes_contador, autor_id) VALUES
    (1, 'Contenido del post número 1', '2025-02-01 00:00:00', 13, 25),
    (2, 'Contenido del post número 2', '2025-02-01 01:00:00', 68, 24),
    (3, 'Contenido del post número 3', '2025-02-01 02:00:00', 38, 3),
    (4, 'Contenido del post número 4', '2025-02-01 03:00:00', 12, 15),
    (5, 'Contenido del post número 5', '2025-02-01 04:00:00', 27, 35),
    (6, 'Contenido del post número 6', '2025-02-01 05:00:00', 47, 31),
    (7, 'Contenido del post número 7', '2025-02-01 06:00:00', 94, 36),
    (8, 'Contenido del post número 8', '2025-02-01 07:00:00', 90, 27),
    (9, 'Contenido del post número 9', '2025-02-01 08:00:00', 70, 1),
    (10, 'Contenido del post número 10', '2025-02-01 09:00:00', 12, 1),
    (11, 'Contenido del post número 11', '2025-02-01 10:00:00', 100, 18),
    (12, 'Contenido del post número 12', '2025-02-01 11:00:00', 83, 7),
    (13, 'Contenido del post número 13', '2025-02-01 12:00:00', 48, 38),
    (14, 'Contenido del post número 14', '2025-02-01 13:00:00', 13, 38),
    (15, 'Contenido del post número 15', '2025-02-01 14:00:00', 59, 13),
    (16, 'Contenido del post número 16', '2025-02-01 15:00:00', 98, 2),
    (17, 'Contenido del post número 17', '2025-02-01 16:00:00', 34, 2),
    (18, 'Contenido del post número 18', '2025-02-01 17:00:00', 49, 37),
    (19, 'Contenido del post número 19', '2025-02-01 18:00:00', 99, 9),
    (20, 'Contenido del post número 20', '2025-02-01 19:00:00', 21, 8),
    (21, 'Contenido del post número 21', '2025-02-01 20:00:00', 99, 11),
    (22, 'Contenido del post número 22', '2025-02-01 21:00:00', 62, 23),
    (23, 'Contenido del post número 23', '2025-02-01 22:00:00', 23, 34),
    (24, 'Contenido del post número 24', '2025-02-01 23:00:00', 56, 5),
    (25, 'Contenido del post número 25', '2025-02-02 00:00:00', 100, 29),
    (26, 'Contenido del post número 26', '2025-02-02 01:00:00', 69, 1),
    (27, 'Contenido del post número 27', '2025-02-02 02:00:00', 25, 49),
    (28, 'Contenido del post número 28', '2025-02-02 03:00:00', 11, 23),
    (29, 'Contenido del post número 29', '2025-02-02 04:00:00', 0, 5),
    (30, 'Contenido del post número 30', '2025-02-02 05:00:00', 71, 47),
    (31, 'Contenido del post número 31', '2025-02-02 06:00:00', 44, 22),
    (32, 'Contenido del post número 32', '2025-02-02 07:00:00', 85, 37),
    (33, 'Contenido del post número 33', '2025-02-02 08:00:00', 25, 35),
    (34, 'Contenido del post número 34', '2025-02-02 09:00:00', 21, 19),
    (35, 'Contenido del post número 35', '2025-02-02 10:00:00', 36, 11),
    (36, 'Contenido del post número 36', '2025-02-02 11:00:00', 35, 4),
    (37, 'Contenido del post número 37', '2025-02-02 12:00:00', 11, 14),
    (38, 'Contenido del post número 38', '2025-02-02 13:00:00', 76, 33),
    (39, 'Contenido del post número 39', '2025-02-02 14:00:00', 61, 25),
    (40, 'Contenido del post número 40', '2025-02-02 15:00:00', 100, 50),
    (41, 'Contenido del post número 41', '2025-02-02 16:00:00', 64, 21),
    (42, 'Contenido del post número 42', '2025-02-02 17:00:00', 66, 20),
    (43, 'Contenido del post número 43', '2025-02-02 18:00:00', 51, 22),
    (44, 'Contenido del post número 44', '2025-02-02 19:00:00', 49, 6),
    (45, 'Contenido del post número 45', '2025-02-02 20:00:00', 36, 36),
    (46, 'Contenido del post número 46', '2025-02-02 21:00:00', 86, 7),
    (47, 'Contenido del post número 47', '2025-02-02 22:00:00', 53, 29),
    (48, 'Contenido del post número 48', '2025-02-02 23:00:00', 88, 6),
    (49, 'Contenido del post número 49', '2025-02-03 00:00:00', 67, 35),
    (50, 'Contenido del post número 50', '2025-02-03 01:00:00', 23, 33);

SELECT setval('publicaciones_id_publicacion_seq', (SELECT MAX(id_publicacion) FROM publicaciones));

INSERT INTO comentarios (id_comentario, contenido, fecha_comentario, usuario_id, publicacion_id) VALUES
    (1, '¡Qué increíble publicación! Me ha servido mucho para entender el concepto. Es exactamente lo que estaba buscando hoy.', '2025-02-10 00:00:00', 47, 1),
    (2, 'No estoy del todo de acuerdo con este enfoque. Creo que hay formas más eficientes de resolver este problema técnico.', '2025-02-10 01:00:00', 11, 4),
    (3, 'Excelente aporte, compañero. Gracias por compartir tu conocimiento con nosotros en este espacio académico.', '2025-02-10 02:00:00', 28, 30),
    (4, 'Me gustaría saber más sobre la implementación de este algoritmo. ¿Podrías adjuntar algún ejemplo de código adicional?', '2025-02-10 03:00:00', 39, 24),
    (5, 'Totalmente de acuerdo con lo que expones aquí. Es un punto clave que suelen olvidar en los cursos de bases de datos.', '2025-02-10 04:00:00', 1, 15),
    (6, '¡Buen trabajo! Se nota el esfuerzo en la redacción y en la claridad de los conceptos técnicos explicados.', '2025-02-10 05:00:00', 1, 39),
    (7, 'Tengo una duda con respecto a la parte final del post. ¿Cómo se relaciona esto con la persistencia en Cassandra?', '2025-02-10 06:00:00', 4, 22),
    (8, 'Me parece una solución muy elegante. La voy a aplicar en mi proyecto final para mejorar el rendimiento del sistema.', '2025-02-10 07:00:00', 48, 38),
    (9, '¿Podrías profundizar más en las ventajas de usar esta arquitectura frente a una relacional pura? Me interesa mucho.', '2025-02-10 08:00:00', 49, 1),
    (10, 'Muy claro el ejemplo, aunque me costó un poco seguir la lógica al principio. Después de leerlo dos veces, todo encajó.', '2025-02-10 09:00:00', 20, 3),
    (11, 'Gracias por tomarte el tiempo de explicar esto. Es un tema complejo y lo has hecho muy accesible para todos.', '2025-02-10 10:00:00', 10, 29),
    (12, 'Interesante perspectiva. No había considerado el uso de Redis para optimizar consultas tan frecuentes como esta.', '2025-02-10 11:00:00', 38, 1),
    (13, 'El nivel de detalle es fantástico. Ojalá todas las guías de estudio fueran tan precisas y directas como esta.', '2025-02-10 12:00:00', 39, 16),
    (14, '¿Alguien más está teniendo problemas al ejecutar el script en Docker? A mí me arroja un error de puertos ocupados.', '2025-02-10 13:00:00', 8, 19),
    (15, 'He seguido todos los pasos pero el contenedor no levanta correctamente. ¿Alguna sugerencia sobre qué revisar?', '2025-02-10 14:00:00', 5, 1),
    (16, 'Este contenido es justo lo que necesitábamos para preparar el examen de Bases de Datos II. ¡Mil gracias!', '2025-02-10 15:00:00', 37, 25),
    (17, 'La explicación sobre los nodos de Cassandra me abrió los ojos sobre la escalabilidad horizontal en grandes sistemas.', '2025-02-10 16:00:00', 30, 41),
    (18, 'Muy buena estructura. Me gusta cómo conectas los conceptos teóricos con la práctica en el entorno real.', '2025-02-10 17:00:00', 10, 39),
    (19, '¿Qué versión de Python recomiendas para evitar conflictos con las librerías de PyQt6? Gracias de antemano.', '2025-02-10 18:00:00', 8, 48),
    (20, 'Me parece un tema fundamental. La parte de la normalización es crítica para evitar los problemas que mencionas.', '2025-02-10 19:00:00', 50, 22),
    (21, 'Estoy aplicando este modelo en mi trabajo y ha funcionado de maravilla. Gracias por compartir estos tips tan útiles.', '2025-02-10 20:00:00', 48, 6),
    (22, '¿Crees que esta arquitectura es escalable para millones de usuarios? Tengo dudas sobre la latencia en MongoDB.', '2025-02-10 21:00:00', 37, 7),
    (23, 'Qué buen artículo. Me ayudó a organizar mejor mis ideas sobre el diseño de sistemas distribuidos.', '2025-02-10 22:00:00', 42, 5),
    (24, 'Excelente explicación sobre el uso de JSON. Es mucho más sencillo de manejar de lo que pensaba al inicio.', '2025-02-10 23:00:00', 20, 29),
    (25, 'Gracias por el ejemplo de código. Me sirvió para corregir un error que llevaba días intentando solucionar.', '2025-02-11 00:00:00', 6, 20),
    (26, 'No conocía este enfoque para el manejo de amistades. Me parece muy intuitivo y fácil de implementar.', '2025-02-11 01:00:00', 15, 31),
    (27, 'Muy valioso el contenido. ¿Habrá una segunda parte sobre el uso de ontologías en estos sistemas?', '2025-02-11 02:00:00', 18, 47),
    (28, 'Gran trabajo. La forma en que presentas la información hace que los temas técnicos sean mucho menos intimidantes.', '2025-02-11 03:00:00', 15, 10),
    (29, 'Me queda una duda respecto a la consistencia final en Cassandra. ¿Cómo se garantiza en entornos de alta escritura?', '2025-02-11 04:00:00', 38, 20),
    (30, 'Muy buen resumen. Es perfecto para repasar antes de la entrega del proyecto final de semestre.', '2025-02-11 05:00:00', 23, 22),
    (31, '¡Excelente iniciativa! Ojalá sigan publicando más material de este tipo para nuestra formación profesional.', '2025-02-11 06:00:00', 29, 41),
    (32, 'He aprendido mucho con tus publicaciones. Gracias por tu dedicación como profesor en el Politécnico.', '2025-02-11 07:00:00', 32, 25),
    (33, '¿Podrías recomendar algún recurso adicional para profundizar en el modelado de datos con grafos?', '2025-02-11 08:00:00', 32, 12),
    (34, 'Esta técnica de ETL es muy eficiente. Me ahorró horas de trabajo manual con archivos CSV pesados.', '2025-02-11 09:00:00', 8, 42),
    (35, 'Me gusta el estilo de enseñanza. Todo queda muy claro y es muy fácil seguir el hilo conductor de tus explicaciones.', '2025-02-11 10:00:00', 49, 49),
    (36, '¿Cómo manejarías los fallos en la conexión con Redis si el servicio se cae durante una consulta crítica?', '2025-02-11 11:00:00', 39, 43),
    (37, 'Interesante punto. Nunca había visto una comparación tan clara entre PostgreSQL y soluciones NoSQL.', '2025-02-11 12:00:00', 39, 18),
    (38, 'Gracias por los consejos de diseño. Me ayudaron a mejorar mucho la arquitectura de mi backend.', '2025-02-11 13:00:00', 38, 14),
    (39, 'Muy completo. Me gusta cómo abordas tanto la teoría como la parte práctica de la configuración de entornos.', '2025-02-11 14:00:00', 49, 49),
    (40, 'Tengo una duda técnica: ¿Es mejor normalizar en Postgres o dejarlo desnormalizado para mayor velocidad de lectura?', '2025-02-11 15:00:00', 14, 32),
    (41, 'Excelente aclaración. Ahora entiendo mejor por qué es importante validar los datos antes de insertarlos.', '2025-02-11 16:00:00', 10, 28),
    (42, 'Muy buen aporte. La integración con PyQt6 es justo lo que estaba buscando para mi interfaz gráfica.', '2025-02-11 17:00:00', 24, 41),
    (43, 'Gracias por compartir esto. Es un gran complemento para las clases teóricas que hemos visto hasta ahora.', '2025-02-11 18:00:00', 39, 45),
    (44, '¿Qué herramientas recomiendas para monitorear el rendimiento de las consultas en MongoDB?', '2025-02-11 19:00:00', 20, 6),
    (45, 'Me parece un diseño muy robusto. Es ideal para aprender sobre la complejidad de las redes sociales.', '2025-02-11 20:00:00', 23, 6),
    (46, 'El formato de las respuestas es muy claro. Sigue así, nos ayudas mucho a todos los estudiantes.', '2025-02-11 21:00:00', 32, 48),
    (47, 'Gracias por la guía. Me despejó muchas dudas que tenía sobre cómo modelar las relaciones de amistad.', '2025-02-11 22:00:00', 15, 37),
    (48, '¿Es posible integrar esto con otros lenguajes como Java o PHP? Me gustaría probarlo en otros entornos.', '2025-02-11 23:00:00', 10, 48),
    (49, 'Qué buen ejemplo. La parte de los procedimientos almacenados me resultó especialmente útil y reveladora.', '2025-02-12 00:00:00', 43, 33),
    (50, 'Muy buen contenido. Espero con ansias las próximas publicaciones para seguir aprendiendo sobre sistemas.', '2025-02-12 01:00:00', 6, 12);

SELECT setval('comentarios_id_comentario_seq', (SELECT MAX(id_comentario) FROM comentarios));

INSERT INTO amistades (id_amistad, fecha_amistad, estado, usuario_solicitante_id, usuario_receptor_id) VALUES
    (1, '2025-01-15', 'ACEPTADA', 16, 38),
    (2, '2025-01-16', 'PENDIENTE', 41, 8),
    (3, '2025-01-17', 'PENDIENTE', 21, 27),
    (4, '2025-01-18', 'PENDIENTE', 11, 38),
    (5, '2025-01-19', 'ACEPTADA', 14, 1),
    (6, '2025-01-20', 'ACEPTADA', 14, 50),
    (7, '2025-01-21', 'ACEPTADA', 48, 47),
    (8, '2025-01-22', 'PENDIENTE', 7, 21),
    (9, '2025-01-23', 'PENDIENTE', 25, 42),
    (10, '2025-01-24', 'PENDIENTE', 44, 12),
    (11, '2025-01-25', 'PENDIENTE', 7, 14),
    (12, '2025-01-26', 'ACEPTADA', 26, 37),
    (13, '2025-01-27', 'ACEPTADA', 39, 1),
    (14, '2025-01-28', 'ACEPTADA', 19, 42),
    (15, '2025-01-29', 'PENDIENTE', 15, 48),
    (16, '2025-01-30', 'PENDIENTE', 14, 44),
    (17, '2025-01-31', 'ACEPTADA', 39, 49),
    (18, '2025-02-01', 'PENDIENTE', 8, 19),
    (19, '2025-02-02', 'PENDIENTE', 6, 22),
    (20, '2025-02-03', 'ACEPTADA', 40, 21),
    (21, '2025-02-04', 'ACEPTADA', 25, 33),
    (22, '2025-02-05', 'ACEPTADA', 30, 23),
    (23, '2025-02-06', 'PENDIENTE', 32, 8),
    (24, '2025-02-07', 'PENDIENTE', 2, 25),
    (25, '2025-02-08', 'PENDIENTE', 15, 18),
    (26, '2025-02-09', 'ACEPTADA', 22, 5),
    (27, '2025-02-10', 'PENDIENTE', 42, 20),
    (28, '2025-02-11', 'ACEPTADA', 47, 21),
    (29, '2025-02-12', 'ACEPTADA', 41, 28),
    (30, '2025-02-13', 'PENDIENTE', 29, 22),
    (31, '2025-02-14', 'PENDIENTE', 18, 20),
    (32, '2025-02-15', 'PENDIENTE', 7, 35),
    (33, '2025-02-16', 'ACEPTADA', 7, 42),
    (34, '2025-02-17', 'ACEPTADA', 2, 24),
    (35, '2025-02-18', 'ACEPTADA', 23, 29),
    (36, '2025-02-19', 'PENDIENTE', 36, 41),
    (37, '2025-02-20', 'ACEPTADA', 35, 40),
    (38, '2025-02-21', 'PENDIENTE', 3, 14),
    (39, '2025-02-22', 'ACEPTADA', 7, 23),
    (40, '2025-02-23', 'ACEPTADA', 35, 12),
    (41, '2025-02-24', 'PENDIENTE', 19, 44),
    (42, '2025-02-25', 'PENDIENTE', 20, 39),
    (43, '2025-02-26', 'ACEPTADA', 35, 26),
    (44, '2025-02-27', 'ACEPTADA', 14, 38),
    (45, '2025-02-28', 'PENDIENTE', 11, 50),
    (46, '2025-03-01', 'ACEPTADA', 37, 47),
    (47, '2025-03-02', 'PENDIENTE', 20, 7),
    (48, '2025-03-03', 'ACEPTADA', 33, 25),
    (49, '2025-03-04', 'PENDIENTE', 24, 8),
    (50, '2025-03-05', 'ACEPTADA', 4, 9);

SELECT setval('amistades_id_amistad_seq', (SELECT MAX(id_amistad) FROM amistades));